{"lossi": [0.32329555680143074, 0.19715810701885123, 0.14518710689500292, 0.135524049599437, 0.13068154620680403, 0.12683341037878332, 0.12389530728947609, 0.12120648580504224, 0.11886856700987258, 0.11690044030547142, 0.11497925582559819, 0.11303513191957423, 0.11146259668501134, 0.10995435659238632, 0.10863676968407124, 0.10704574599228006, 0.1060952004837863, 0.10477068021576455, 0.10374483628634443, 0.1025323518650963, 0.10139105251019305, 0.10041264171137455, 0.09968436152694073, 0.0984544232883986, 0.09766535587767337, 0.09677377573036133, 0.0958467519029658, 0.095144783602433, 0.09431509229731053, 0.09354716979284236, 0.09295503929891485, 0.09210693321012436, 0.09130424011419429, 0.0908042386649771, 0.09010374981989251, 0.08946105112579275, 0.08880224796210198, 0.08831919654411205, 0.08768200184753601, 0.08718027646078709, 0.0867756336451845, 0.08623233536615017, 0.08569275643280212, 0.08533617085281839, 0.08489185674710477, 0.08442938842989028, 0.08406393808570314, 0.08350453303849444, 0.08324175252717861, 0.08297836895477265, 0.08246655540263399, 0.08223627884178719, 0.08181246845646108, 0.08162994690714999, 0.08120578162847682, 0.0809410658486663, 0.0806391267105937, 0.08033616989454691, 0.08007693144076682, 0.07978532332530681, 0.0796316080191668, 0.07920374223922795, 0.07905480178429726, 0.07880454670954892, 0.07863202122376954, 0.07831607430063664, 0.07806445578945444, 0.07770533108727094, 0.07759720766718717, 0.07733555782110767, 0.07722658919606437, 0.0770640754279621, 0.07686541564366285, 0.07661697218947588, 0.07642999305290744, 0.0761899097842422, 0.07598144996990548, 0.0760384201210864, 0.07565233608747417, 0.07551906360907758, 0.07545295787697777, 0.07509636171558436, 0.07515415317438384, 0.0749800881529425, 0.07467708201643, 0.07454497561334296, 0.07451957010446077, 0.0742965205275315, 0.07400523417411332, 0.07403756596861368, 0.07377878310991094, 0.07371223571294165, 0.07357335304643245, 0.07331275864642986, 0.07343566156131157, 0.07320620892371268, 0.07309801129505356, 0.07279617902129254, 0.07286284800539626, 0.07262019123485748], "devlossi": [0.24578848481178284, 0.14473822103305298, 0.12242841483517126, 0.11547884954647585, 0.11138733002272519, 0.10843176631764932, 0.10613548383116722, 0.10414329611442306, 0.10237231918356636, 0.10082463852383873, 0.09937096014618874, 0.09798822382634337, 0.09678068926388567, 0.09569045156240463, 0.09465136988596483, 0.09361363710327582, 0.09271297603845596, 0.09177480807358568, 0.09092207964171063, 0.09007086096839471, 0.08924173326654868, 0.08846280825409022, 0.08772936361757191, 0.0869968289678747, 0.08630489896644246, 0.08563949370926077, 0.08487757092172449, 0.08428879962726073, 0.08367669345303015, 0.08301642164587975, 0.08246123960072343, 0.08189665864814412, 0.0812875513326038, 0.0807586938820102, 0.08024165339090607, 0.07975771650671959, 0.07934852824969725, 0.07882367853413928, 0.07832290774041956, 0.07788774980740114, 0.0774803247980096, 0.07708837786181406, 0.07669298046014526, 0.0763181976296685, 0.07599261149086735, 0.07567166553979571, 0.07530823570083488, 0.0750531352717768, 0.07475701905786991, 0.07451292838562619, 0.07416599514809522, 0.07400956377387047, 0.07377429374239662, 0.07346538911488923, 0.07325579700144855, 0.07301599007438529, 0.07278015532276848, 0.07257397963919422, 0.07230989482592452, 0.0721230088648471, 0.07186610336330804, 0.07170047390867364, 0.07143197953701019, 0.07121523943814365, 0.07104938477277756, 0.07088429074395787, 0.07066393237222325, 0.0705446619540453, 0.07032396745952693, 0.07020553065971895, 0.07006848349489948, 0.06986084021627903, 0.06970888714898717, 0.06959169815209779, 0.06944935497912494, 0.06933480975302783, 0.06919162500311028, 0.06903089007193391, 0.0688284637237137, 0.06867684796452522, 0.06855564936995506, 0.06840474988249215, 0.06820676069368016, 0.06812460940669883, 0.06800416332076896, 0.06784992377189072, 0.0676784584806724, 0.0675698420540853, 0.06747271543876691, 0.06737989305772564, 0.0672949996184219, 0.06720343774015253, 0.06713661399077285, 0.06695488264614885, 0.06683552942492745, 0.06674635427241976, 0.06665618141943758, 0.0665524039756168, 0.06647338057783517, 0.0663989365778186]}