{"lossi": [0.13486092332929087, 0.10494616749092413, 0.09733776455393996, 0.09124210251929661, 0.08760513624729821, 0.08530358823772055, 0.08336072657911922, 0.08185151584755879, 0.0803199176566479, 0.0790554984523275, 0.07776391145567925, 0.07669211064759916, 0.07575569474420989, 0.07473171921298145, 0.07393438666582869, 0.07310900897882618, 0.07212739378309098, 0.07158875266631572, 0.07077474132799112, 0.07012826824388184, 0.06955767834719759, 0.0689336933290806, 0.06847899859420027, 0.06795846802976946, 0.06739391424594976, 0.06687950941558463, 0.06645778395211735, 0.06603013018306833, 0.065544264980208, 0.0652888148499373, 0.06472270865552722, 0.06440276063431186, 0.06397043656522093, 0.06364802886455204, 0.06332464474506272, 0.06299505452997388, 0.06258508559471121, 0.06232528320659464, 0.06198188348319203, 0.06166462172953466, 0.06141948734466641, 0.06111194459965435, 0.06079384644096271, 0.06050614180703894, 0.060262862616739334, 0.059956290518133025, 0.059724077618064975, 0.05944864387615039, 0.059205795355593435, 0.058926046894381225, 0.05887098360461549, 0.0585042166824158, 0.05832587784757248, 0.05811929494475785, 0.057800157132525794, 0.057667525443501365, 0.05746311355179872, 0.057288773369770084, 0.05698089340862375, 0.05683389688118959, 0.060392759288080966, 0.05806183669799433, 0.056117411179188344, 0.054770889373633044, 0.05345710044423231, 0.05228437627323519, 0.0512941254856297, 0.05051528772535606, 0.04972438153010397, 0.04882368913735635, 0.04786619351813778, 0.047239561407520364, 0.04639309276335727, 0.04563072279167061, 0.044935683454996864, 0.04437828756059511, 0.04385319702660504, 0.04325470680031723, 0.042696854409080345, 0.042327447523609896, 0.041724788643919625, 0.04116611939054518, 0.040705670313998916, 0.04022914302734712, 0.039751974966960216, 0.03936093072064768, 0.0389915755845773, 0.038659513573915054, 0.038239339789072166, 0.037781408461280905, 0.03735159351207768, 0.03709396544379739, 0.036583352697114595, 0.03617078045638986, 0.035771666761166374, 0.0352846017886941, 0.035043940799066815, 0.03490248703942322, 0.03436012523837935, 0.03399007771604549, 0.03350582739082388, 0.033277502313208654, 0.03291196723025257, 0.0326263390172023, 0.03239398156872954], "devlossi": [0.10170361167698536, 0.09400727743950654, 0.08636845866183065, 0.08186896995834585, 0.0795099360622325, 0.07798684666038684, 0.07656274419629348, 0.07542068708055424, 0.07448889986383465, 0.07352879165478472, 0.07263499333189344, 0.07192656763319699, 0.07117790454682314, 0.07058557312724725, 0.07005443448587409, 0.06940849343279623, 0.06889497358703388, 0.06836960151932149, 0.06794320630296222, 0.06757922400281115, 0.06714419644536837, 0.066755598551541, 0.06642924727133985, 0.0660855823530341, 0.06573506015932785, 0.06540787926400607, 0.06513782242699614, 0.06486593141167793, 0.06461137881115922, 0.06434831241110586, 0.06406069459077322, 0.0638284749650168, 0.06359375823500021, 0.06334336688917763, 0.06313328951034906, 0.06304742086608454, 0.06273262631499542, 0.06255407786031938, 0.06239603814791958, 0.06222767252826466, 0.06202036339157033, 0.061920381274144606, 0.06175053604650048, 0.06158651538052649, 0.061433467697703616, 0.061309191767337186, 0.0611218698322773, 0.06101454263728744, 0.060859557733220875, 0.06078224471014625, 0.06066993384991052, 0.06052322299131807, 0.060393753373679124, 0.060262861608896615, 0.060244994097441995, 0.06014262350662699, 0.06010335518644666, 0.059953209258756544, 0.059831799763553545, 0.0597317488688343, 0.060410294470922, 0.05962946561147582, 0.05927952473877736, 0.05852434003971658, 0.05794261244810977, 0.05781416988597726, 0.057025948398799264, 0.05639126285348298, 0.056034016194489764, 0.05569364457338486, 0.0553972739726305, 0.055284996007410984, 0.05519200158569048, 0.05505543905046751, 0.05488214835102828, 0.05478238880212577, 0.05501514455338694, 0.054705297468968156, 0.054718504150239926, 0.05468264116712336, 0.05474268479870176, 0.054639417256386776, 0.05459808087292707, 0.05472311651650465, 0.05463395199193707, 0.05467698067637547, 0.05489958785825743, 0.055279499113137995, 0.05527603432957856, 0.055386694886212076, 0.05521890531592774, 0.0551301805337645, 0.05528288302978255, 0.05543134551284448, 0.055442022194839874, 0.055681245085203425, 0.055655107569863214, 0.05609618253865332, 0.05626251678562389, 0.05640156057505113, 0.05649800067943222, 0.056708971091177104, 0.05682857946123717, 0.05688650241859679, 0.05701997120565963]}