{"lossi": [0.1595394307787114, 0.10105540706439221, 0.09060878381925694, 0.08295378164249531, 0.07760825725470452, 0.0736209839146505, 0.07073245413522138, 0.06831764320823107, 0.06604632693640095, 0.06412283699721733, 0.062404527368539194, 0.061097694798669916, 0.05979419343094242, 0.0585509930598609, 0.05739275855507622, 0.05631439792031937, 0.05547772546080833, 0.054525491880609636, 0.053699710228024645, 0.05290500318354115, 0.05221793116962022, 0.0515492162568138, 0.05087291336360764, 0.05034999941733289, 0.04975951084510443, 0.04914291424954191, 0.048672832449541445, 0.04815114557029719, 0.04766254945400548, 0.047183695051105735, 0.04682984044577213, 0.046376527029466125, 0.04600872497688582, 0.045630265899161075, 0.04528578376754167, 0.044864245928189855, 0.04461466186144884, 0.04424874003025445, 0.043935934101488994, 0.0435657586426811, 0.04336531916038787, 0.04304022467794254, 0.04277057299747112, 0.04248462308277475, 0.042250860680608036, 0.04197494582609927, 0.04177602696569359, 0.041470842515217494, 0.04127919235999914, 0.04108537556207244, 0.04087147820106846, 0.04068123704773632, 0.040516643448078885, 0.04022682972371261, 0.04011740110457895, 0.039888147046749894, 0.03965057846792835, 0.03956406987569434, 0.039344075145794355, 0.03922348255489735, 0.03909764476516779, 0.038963288019232926, 0.03876894789728078, 0.03856481599839444, 0.03847584703025666, 0.03832695836280572, 0.03821381482672184, 0.03815915445460284, 0.037965501420833964, 0.037812733259844654, 0.03769892539353447, 0.03756148471160138, 0.03746783120082097, 0.03731894596142972, 0.03724770446089988, 0.03707983814417682, 0.0370197775080166, 0.036886733956635, 0.0368409108449804, 0.03677300541126664, 0.03662403487659832, 0.03645673469501607, 0.03643781091383797, 0.036321447121890935, 0.036205235482292604, 0.03612724388454189, 0.035988696622959476, 0.03590054548484214, 0.03583876460671742, 0.03581624134304993, 0.03567464682372644, 0.03558574711032053, 0.03556061744135111, 0.035437852431564255, 0.03543551968648396, 0.0352892939278737, 0.035281808531664786, 0.03516223577861773, 0.03512470402378351, 0.03499360218089312], "devlossi": [0.0987787436355244, 0.0875596556473862, 0.07990702681920746, 0.07458387586203488, 0.07088527574457905, 0.06818302229724148, 0.06607397239316594, 0.06437558206644925, 0.06292201629416509, 0.06170906058766625, 0.06062251549552788, 0.05969981899992986, 0.05898143147880381, 0.05827264538542791, 0.057648553597656166, 0.057016987692226066, 0.056394335221160545, 0.055885815654288636, 0.05538485588675195, 0.054841332137584686, 0.05443939160216938, 0.05411227657036348, 0.05372241664339195, 0.05336446992375634, 0.05304803851653229, 0.0527786717496135, 0.052504034035585144, 0.05223619683899663, 0.051992451433431015, 0.05179521898654374, 0.0515829875049266, 0.05145875804803588, 0.0511916269632903, 0.051019003953446045, 0.05081567540764809, 0.05060975643044168, 0.05046447451141747, 0.050304978916590866, 0.050103060393170876, 0.049955937672745095, 0.049824592572721565, 0.04973596706986427, 0.049532565880905495, 0.0494398715143854, 0.04932913404296745, 0.04919289391149174, 0.04908382418480786, 0.048953983932733536, 0.04890502667562528, 0.04875213551250371, 0.04868058132177049, 0.048574544828046455, 0.04846146059307185, 0.048369812525131485, 0.048246113414114174, 0.04815806092863733, 0.04811935109848326, 0.048055542294274674, 0.04793558489869942, 0.04787346365099603, 0.047770613635128197, 0.04770397191697901, 0.04760811359367587, 0.04752578755671328, 0.047495896335352554, 0.04740889912301844, 0.04734133183956146, 0.04731786166402427, 0.04724260470406576, 0.0471598646518859, 0.047038664533333344, 0.04697429337962107, 0.04696519097143954, 0.04695245284925808, 0.046866572885350746, 0.04685335352339528, 0.046784630553288895, 0.04666898450390859, 0.04689611748538234, 0.046631058170036835, 0.04656984911046245, 0.04655411331491037, 0.046505474570122635, 0.04644382694228129, 0.046444308859380806, 0.04638943990523165, 0.04635325226594101, 0.04632346315140074, 0.04631897959519516, 0.046294016086242416, 0.04623355411670425, 0.0462090369652618, 0.046181307936256584, 0.04609486816281622, 0.046064296906644646, 0.0460439534349875, 0.04603866098279303, 0.04596185633404688, 0.04594109969382936, 0.04593185826458714]}