{"lossi": [0.18224069056041697, 0.1196171567240294, 0.10635032758433768, 0.09796344738532888, 0.09210829627006611, 0.08791293596175123, 0.08465862511954408, 0.0823520552366972, 0.08024170305183594, 0.07854139216323482, 0.0769825608846038, 0.07578728946441031, 0.07459787570653444, 0.07351977465317604, 0.07264207755314543, 0.0717623341788954, 0.07097623192090938, 0.0703448493905524, 0.06964340029244727, 0.0688571763878807, 0.06837683214627682, 0.06800361978326072, 0.06757074582608456, 0.06698292830681547, 0.0665157841558152, 0.06597698180678677, 0.06570253146693428, 0.0651899233975626, 0.06483742311359086, 0.06431125124242712, 0.06409328870792338, 0.06381774061617065, 0.06355346578787616, 0.06338653608443255, 0.06295396280574038, 0.06263231434562105, 0.06252158722503388, 0.062241548553426215, 0.06188422653507045, 0.061713339106992206, 0.06147001176438433, 0.06132647684438432, 0.06105381721987369, 0.06086698826402426, 0.06078391322033837, 0.060687066531403266, 0.06025700572323292, 0.060218395189719, 0.060094272499864404, 0.05989734582761501, 0.059598985782012025, 0.0594526840017197, 0.05943796030701475, 0.059189046158435496, 0.05912564048900249, 0.05896221899843596, 0.0588414369032104, 0.05872132720306833, 0.058511827557169376, 0.05843639785939075, 0.05831645573786599, 0.058236206782625075, 0.058093885118339926, 0.057858832398469145, 0.05782108965944102, 0.057718559386248286, 0.057550027847607085, 0.05772844797119181, 0.057463745210081976, 0.05740128144463326, 0.05729122184454761, 0.05709379465576816, 0.05704954448849597, 0.05704884742327193, 0.056946226256958984, 0.056820146125206285, 0.05669218012468612, 0.05662858737830786, 0.05657712419695677, 0.056553713244168045, 0.056512433599601404, 0.056390966368006896, 0.056422550171772216, 0.05623153121547496, 0.05613279342651367, 0.056180459704804925, 0.05609490894811585, 0.056088920979899294, 0.056017069304560095, 0.05593481432012421, 0.05582218107945742, 0.055766882612667185, 0.055711252931901746, 0.05570133204789872, 0.05556765450362829, 0.05549388214390963, 0.055505434863586375, 0.055497343433981244, 0.05544055853673118, 0.055376889065225074], "devlossi": [0.10652154176072641, 0.09464344585483725, 0.08687147430398247, 0.08144856887784871, 0.0771386284719814, 0.07464596256613731, 0.07237856919792565, 0.07066878540949388, 0.06948296082290736, 0.06848686713386666, 0.06734579310498455, 0.0664011338217692, 0.06571636467494747, 0.06509169580584223, 0.06440900266170502, 0.06386241773990067, 0.0635422718795863, 0.06299376419999382, 0.06246126239950007, 0.062118560753085396, 0.061709412119605324, 0.06156857345591892, 0.06106178513304754, 0.0608091593127359, 0.060519983653317795, 0.06023066118359566, 0.05993494154377417, 0.05973420647734946, 0.05953355184332891, 0.05927897430956364, 0.059220078655264595, 0.05898393910716881, 0.05889781039546837, 0.05887681584466587, 0.05876222625374794, 0.058550269935618744, 0.05838824774731289, 0.05828246779062531, 0.05815596031871709, 0.05808752080933614, 0.057965941219167275, 0.05779540894383734, 0.0577459033917297, 0.05764375593174587, 0.05755844966254451, 0.05753075687045401, 0.05736927247860215, 0.05728453126820651, 0.05723331800915978, 0.05723163908855482, 0.05708712559532036, 0.057004337283698, 0.056957171044566414, 0.05695632980628447, 0.05690105344084176, 0.05683106404136528, 0.05682546103542501, 0.05676004121249372, 0.0566803863780065, 0.056667459112676705, 0.05661889182573015, 0.05655654265799306, 0.056571186604824936, 0.05652346834540367, 0.05643858726729046, 0.056382252580740234, 0.056359700350598854, 0.05628273957832293, 0.056242993270809, 0.056280011141842064, 0.05626164850863544, 0.056234773587096824, 0.05627017806876789, 0.056186062707142395, 0.05621736598285762, 0.056161001324653625, 0.05616301755336198, 0.05608124506067146, 0.05609641020948237, 0.056012445044788445, 0.056003331460736015, 0.055960243567824364, 0.05595860088413412, 0.05585208992389115, 0.05586653270504691, 0.05584577860480005, 0.05586177720264955, 0.05582861839370294, 0.05581416426734491, 0.05580663901161064, 0.05579938739538193, 0.05577778409827839, 0.05577486905861984, 0.05573005263100971, 0.05570530772886493, 0.05567550066519867, 0.055674734779379585, 0.055657236921516334, 0.05566456084224311, 0.05562186241149902]}