{"lossi": [0.12425734542627284, 0.10774974881651554, 0.10284752081683342, 0.09431540098120557, 0.08785310676915849, 0.08366127847198476, 0.08054792322218418, 0.07780170315836972, 0.07512014434534184, 0.07276824479328191, 0.0707223201765025, 0.06876570166663286, 0.0669433426983813, 0.06546107164405762, 0.06386681687720913, 0.0626206714065468, 0.0614052863316016, 0.06049754123817733, 0.05957292870400434, 0.05872866794704757], "devlossi": [0.10256206108765169, 0.10030083561485464, 0.09432934935797345, 0.0854660878804597, 0.08100133253769441, 0.0780271857299588, 0.07548491775312206, 0.07309821840714324, 0.07097663764249194, 0.06882314875044605, 0.06699174879626794, 0.06528592346744104, 0.06394236924296076, 0.06255173327570612, 0.061372501267628235, 0.060360147363760254, 0.059364675120873886, 0.05834868702698837, 0.057760213586417114, 0.057205661453984]}