{"lossi": [0.17738954255238493, 0.11474589940081252, 0.10169895132012824, 0.0931060735849624, 0.08700631705528879, 0.0827203768285665, 0.07983151072279569, 0.07657094303756318, 0.07395205628919474, 0.07188360733871764, 0.07013750169426203, 0.0681779086787967, 0.06664706576377788, 0.0652670925879415, 0.06397355916573012, 0.06282536574500672, 0.06159665286937292, 0.06063211830134722, 0.05966487875644197, 0.0587500241644522, 0.05796646205906538, 0.05718648818103557, 0.05615240650528923, 0.05527088701962791, 0.05470895176713771, 0.05403629848931698, 0.053383494192298424, 0.05267756485796355, 0.052057276162853904, 0.05134759238980552, 0.05092344512330725, 0.050333791570936114, 0.04974496071325972, 0.04923802653842784, 0.048748432916212586, 0.04822672550824094, 0.04769363906234503, 0.047258409314808694, 0.04690744535640833, 0.04630267544788249, 0.04584936803563478, 0.04565753522229955, 0.045200715336869375, 0.04473930409059246, 0.04432005567991353, 0.043929218512741806, 0.043494673723236045, 0.04312111954501969, 0.0429526501672065, 0.04253506715944473, 0.04210560768842697, 0.04169485866627161, 0.041371414893643654, 0.041084406035456884, 0.04072845979851294, 0.04044342468036933, 0.04002858448694361, 0.039821927792372855, 0.03938635158293108, 0.03912541222699145, 0.03888865868422262, 0.03843207657337189, 0.038157679735028996, 0.03790296035561156, 0.03773528351349399, 0.037461903392079665, 0.037170084411318, 0.03682549874436982, 0.03653336773091491, 0.03629709058936606, 0.03608206687296959, 0.03586713728950696, 0.035641949584192416, 0.035319899089951465, 0.03512381733533867, 0.03490101875975094, 0.034602365971721234, 0.034344036677020025, 0.03419695222908829, 0.03394770723311825, 0.03372067482547557, 0.03345341521731399, 0.033311420803929265, 0.033161859711671765, 0.032864365270955764, 0.03261987300233004, 0.03236400992906791, 0.03227965489148776, 0.03197689271195138, 0.03175884633860056, 0.031690132903291826, 0.03150051392297795, 0.031202035054485214, 0.031097155589451815, 0.03090437397638217, 0.03064177190250856, 0.030487406850257453, 0.030287780798971653, 0.03012808445999597, 0.029974103925075938], "devlossi": [0.10411821204152974, 0.09117870473048904, 0.08298714492808688, 0.07736046561463313, 0.07351126233962449, 0.07060153477571228, 0.06839687292548743, 0.06663214483044365, 0.06500560316172513, 0.06364947134120898, 0.06269026750868018, 0.061644293875856834, 0.06072821942242709, 0.059923458505760537, 0.059237589720975266, 0.05861506949771534, 0.05793484588238326, 0.05746505223214626, 0.05702075734734535, 0.056515471671115265, 0.05593969571319493, 0.055664301765235985, 0.05522868799215013, 0.05501085536723787, 0.05473106083544818, 0.05433741161091761, 0.0540967829186808, 0.053819267587228256, 0.0536464313891801, 0.05336445705457167, 0.053119054064154625, 0.05285997316241264, 0.052640823647379875, 0.052463839846578514, 0.05229332873767072, 0.05214167826554992, 0.051932073113593186, 0.05188813382251696, 0.05173544839701869, 0.051515729081901634, 0.05136290158737789, 0.051216445016590034, 0.051103746687824074, 0.05092256787148389, 0.050879838622429154, 0.05075967819853262, 0.05067240091210062, 0.050508546219630676, 0.050740045749328354, 0.050420083444226875, 0.050263041630387306, 0.050047627396204254, 0.05003696493804455, 0.04996247301724824, 0.04992500980469314, 0.0498016280206767, 0.049706059084697204, 0.049691101028160614, 0.04959521899846467, 0.04947521605274894, 0.049423735588788986, 0.04938152686438777, 0.04941850443455306, 0.04918725737793879, 0.049183372746814384, 0.0492297209460627, 0.049153796820478005, 0.04911727390506051, 0.049044485288587486, 0.049179582433267074, 0.04907958598976785, 0.04896208677779545, 0.048902623863382774, 0.04888329756530849, 0.04884577948938717, 0.04885564710606228, 0.04876397329975258, 0.048860913989218796, 0.04876123910600489, 0.048803112892941994, 0.04861659827557477, 0.04860202256928791, 0.04861096360466697, 0.04875424385748126, 0.04852434687993743, 0.04865726066583937, 0.048662579533728684, 0.04853430373424834, 0.0485216018489816, 0.04855061136186123, 0.04851271330632947, 0.04847694171423262, 0.04842847636477514, 0.04846202683719722, 0.04846650395881046, 0.04839923351325772, 0.04848599908026782, 0.048338483680378304, 0.048406656831502914, 0.04836488701403141]}