{"lossi": [0.15858293514936528, 0.10125968367495436, 0.09041845049471298, 0.08272621844043122, 0.07721870251871804, 0.0731840115635002, 0.07011495391897699, 0.06742810666006296, 0.06520594749599695, 0.0631436354064561, 0.061460942941460206, 0.059959005187959116, 0.05844958639763137, 0.05721507009435842, 0.056117381543872205, 0.05499160129259875, 0.053859604383878254, 0.052897712770611685, 0.05202465813527716, 0.05110590284729891, 0.05023760485284506, 0.04945022644514733, 0.04870151902766938, 0.04794491773986436, 0.0472778505150308, 0.04668457877445728, 0.046008179182226355, 0.04539623749541476, 0.044855599529407125, 0.04423814431387693, 0.04359911322752212, 0.04311635733601895, 0.04259886801678767, 0.0420535821467638, 0.0416421100616138, 0.04113078400730453, 0.04065714795340566, 0.04023741876230912, 0.039856281131505966, 0.03959314260592169, 0.03902098071820875, 0.03854885365457294, 0.03811431956536909, 0.03776591859678639, 0.037372366267632934, 0.03694082190223197, 0.03660340868729226, 0.03625477702812629, 0.035851101291940565, 0.03552219346958272, 0.03522405695130534, 0.03491800706437294, 0.03459637614085953, 0.03418717345103939, 0.03391060040907023, 0.03365692328859834, 0.03333588089159829, 0.03297475969141468, 0.03272356970750905, 0.032371070949321096, 0.032102867594345455, 0.03178626801224148, 0.031634597246475674, 0.031315396411066995, 0.031021624110005003, 0.03070959837195721, 0.030496430682375075, 0.03024213376672978, 0.030012797405745122, 0.02971767141741324, 0.02949570386888499, 0.029224394245984706, 0.028991082128375135, 0.028796496058001796, 0.02851689311655912, 0.028288221749615795, 0.028072456551834622, 0.02786709036321399, 0.02769469203268911, 0.02759166790093196, 0.02723763880141555, 0.027048918943693663, 0.026806770774357495, 0.02658041857896333, 0.0263642408845431, 0.026171000159167228, 0.02593943169538645, 0.02577635968856989, 0.025859127613775273, 0.025436889746801018, 0.02532585401167261, 0.025020803879708686, 0.02480408094050561, 0.024625248860250762, 0.024465481567374887, 0.02424019191691533, 0.024077800503793233, 0.02395738569643111, 0.023708519238503055, 0.023566236154750942], "devlossi": [0.09916693954305215, 0.08766491643407127, 0.07993076064369896, 0.07444530725479126, 0.07073128782212734, 0.06796457821672613, 0.06589958749034187, 0.06418123401024124, 0.0627202181653543, 0.061532984572378074, 0.06051036783240058, 0.059556167742068115, 0.05886610665104606, 0.058056013997305526, 0.05740459229458462, 0.05678660016168247, 0.05626223845915361, 0.05572720396925102, 0.055326687172055244, 0.05481901951134205, 0.054419786923310974, 0.0540451356633143, 0.05372367054224014, 0.05343346738002517, 0.05319626239890402, 0.05286230959675529, 0.05264441889118065, 0.0524503095922145, 0.05207954262467948, 0.051951205019246445, 0.05178973214192824, 0.0514581325379285, 0.05135256627743894, 0.05110731060532006, 0.050980811938643456, 0.05085743574256247, 0.05061862042004412, 0.0505173345181075, 0.05073495361615311, 0.0504473935474049, 0.050222846256061035, 0.05008752864192833, 0.04998767308213494, 0.049950140274383804, 0.04984773678535765, 0.04966195588084785, 0.0496060023592277, 0.04955727640878071, 0.04947067864916541, 0.04941012473268942, 0.049276404082775116, 0.04920561713251201, 0.049112040041522545, 0.049066622656854714, 0.04903284206309102, 0.04898209344934334, 0.04890649156136946, 0.04889143563129685, 0.04876368899237026, 0.048727362670681694, 0.04871449534865943, 0.04862226122482256, 0.048655873503197326, 0.048579625616019424, 0.048528600822795524, 0.0484382730316032, 0.04840795221653851, 0.048377648842605675, 0.048372532833706246, 0.04830089397728443, 0.048238961872729386, 0.04821548526259986, 0.04833994585682045, 0.048162993720986626, 0.048213804479349746, 0.04821223206818104, 0.048219305886463684, 0.04816343178125945, 0.04822148077867248, 0.04809761030430144, 0.04809287308969281, 0.04809850437397307, 0.048124349591406906, 0.04804164357483387, 0.04804368638856844, 0.0480526401238008, 0.04803671247579835, 0.04799569398164749, 0.04807187616825104, 0.04804240827533332, 0.048038627952337265, 0.04808016646314751, 0.048114018853415146, 0.048004023053429344, 0.04797953587364067, 0.04797305911779404, 0.048010280525142494, 0.048041165213693275, 0.0480960930951617, 0.048048980364745315]}