{"lossi": [0.17575095300661756, 0.11499596486224774, 0.10273311592321446, 0.09480849197728837, 0.08914337953195926, 0.0853007352177767, 0.08229124859133934, 0.07998738378444885, 0.07817988081815395, 0.07646823395043612, 0.07533233489920484, 0.0739973213404734, 0.07296285855564032, 0.07186284134204084, 0.07112592129789769, 0.07025359353010958, 0.0693976547014206, 0.06891169119626284, 0.06815670264211107, 0.06763662005517077, 0.06707193648957825, 0.06653898395597935, 0.06608727453474669, 0.06571056454026318, 0.0652555621011143, 0.06482524939991058, 0.06435747135509835, 0.06405986076656808, 0.06365177217633167, 0.06340176096939026, 0.06309769797990931, 0.0626614564593802, 0.06243465093776901, 0.062068973965150244, 0.061819731317302014, 0.06160752917144527, 0.06138239886136131, 0.06117332932796884, 0.06085789328480654, 0.060617034997236224, 0.060499916546680826, 0.06032400102691447, 0.060133043795507005, 0.05993655175366934, 0.05967831094452041, 0.05941988987491486, 0.059397682963692126, 0.05924240584940987, 0.059033273719251156, 0.05892808129020194, 0.05885812067525818, 0.05865077353379828, 0.0585735674670085, 0.05840108549579027, 0.05816173058082449, 0.058091743155679804, 0.057995850061799616, 0.057868174197984505, 0.05765856679608213, 0.05775395879878643, 0.057472145957674116, 0.057437747617826815, 0.057194400360768144, 0.0572079104430815, 0.05712546170391935, 0.05698278471034892, 0.05702332962066569, 0.05676657268579336, 0.05665106209430923, 0.05663433760166802, 0.05658082109182439, 0.056518417941604525, 0.05638182674475173, 0.05619147152421956, 0.05622700502739308, 0.056161412949416234, 0.05610333062074286, 0.05612422551642707, 0.05600573265172066, 0.05588387684064343, 0.05584128541832275, 0.05575378130170259, 0.05567954874973982, 0.055700548647090474, 0.055581618278743104, 0.05554294003609647, 0.05551499053043254, 0.05533196143013366, 0.05531463439160205, 0.05527472529718851, 0.05522365943390004, 0.05517670145614984, 0.0551258246711594, 0.05503567431042803, 0.05501035226390083, 0.05505450200685795, 0.054954200487663134, 0.05490204816723757, 0.05484719261368538, 0.054836158165113724], "devlossi": [0.10411812195723708, 0.09218829328363592, 0.08494962548667734, 0.07955950634046034, 0.07587757740508426, 0.07364578883756291, 0.07143041085113179, 0.06979459304023873, 0.06844852847809141, 0.06741104918447408, 0.06683082268996672, 0.06558784639293497, 0.06484025344252586, 0.06447064910422672, 0.06358242966234684, 0.06300220790911805, 0.0624587894840674, 0.06221003339371898, 0.0616884534670548, 0.061487969011068344, 0.06110941991209984, 0.06090644509954886, 0.0605855199762366, 0.060280415483496406, 0.060045800933783706, 0.059843327342109245, 0.059579081325368446, 0.059304478324272415, 0.05927523818205704, 0.05924195643853058, 0.05895352820781144, 0.05872634510425004, 0.05863379856402224, 0.058382354846054856, 0.058268810537728394, 0.05816987766460939, 0.05803244137628512, 0.057866961949250915, 0.05776957676491954, 0.057591120966456154, 0.057487563653425736, 0.057447976348075, 0.057352732359008354, 0.05731574022634463, 0.05722157707945867, 0.05714843693104657, 0.05705226873132316, 0.05695821598849513, 0.05687681568617171, 0.056862797418778595, 0.05676469443873926, 0.05674912204796618, 0.05675035511905497, 0.056731336496093056, 0.056656544520096344, 0.0565749118951234, 0.05650006285445257, 0.056423198601061646, 0.05642184886065396, 0.056305471299724144, 0.05628602833233096, 0.05626323666762222, 0.0562037837437608, 0.05612964437089183, 0.05614965375174175, 0.05609392561018467, 0.05607415346259421, 0.05600962279872461, 0.055990917438810524, 0.05595357665284113, 0.05592117678712715, 0.05593274364417249, 0.05587339909239249, 0.055824177847667175, 0.055833336812528694, 0.05580104345625097, 0.055778074501590294, 0.055780855092135345, 0.05577529255639423, 0.05568500675938346, 0.055717488412152634, 0.0556944552809, 0.055688093501058494, 0.055645730515772644, 0.05564626340161671, 0.05563917248086496, 0.055623759600249206, 0.05559504184533249, 0.055585984817960045, 0.0555529867044904, 0.05552238158204339, 0.055496219037608666, 0.05547891269353303, 0.055487651716579094, 0.05543275871737437, 0.055421915582635185, 0.05536513589322567, 0.05541129477999427, 0.05538628961552273, 0.05539218217811801]}