{"lossi": [0.16727814367635452, 0.10878324310513253, 0.0968123197238496, 0.08854956100595758, 0.08300406137045394, 0.07873295221794793, 0.07550043672164704, 0.07263658550429217, 0.07021414518277062, 0.06824068148481718, 0.0663833961366339, 0.06472251710898065, 0.06333918290886473, 0.06198164242062163, 0.06100707263388532, 0.05957501504490984, 0.05850423686206341, 0.057432489093155306, 0.05657304464740322, 0.05560932013186368], "devlossi": [0.10370379787954417, 0.08978731997988441, 0.08137570253827354, 0.07601193626495925, 0.07230216095393355, 0.06965432095934045, 0.06742384115403349, 0.06557235104793852, 0.06412285701795058, 0.06269887089729309, 0.06166808578101071, 0.06060833517800678, 0.05968107655644417, 0.05895576388998465, 0.05834610811011358, 0.05765851570123976, 0.057187761942094024, 0.056553290310231125, 0.056168603456833145, 0.05561988157304851]}