{"lossi": [0.3269236385822296, 0.20145070774758117, 0.15749665746029387, 0.14804288709258778, 0.1424282395300713, 0.13816123186273777, 0.13466099213729513, 0.1316517931508257, 0.1285287525425566, 0.12620820774835476, 0.1237779890999515, 0.12169064977701674, 0.11994058095869865, 0.11803468114676628, 0.11608886473039363, 0.1144883635830372, 0.11287536396783718, 0.11157549418350483, 0.11018853694041993, 0.10905373136096812, 0.10763480589586369, 0.10647885172449528, 0.10535894576063816, 0.10409314395423899, 0.1031923920233199, 0.1020760751785116, 0.10103331284320101, 0.10000022524531851, 0.09905755278119381, 0.09815641603571304, 0.09737839549779892, 0.09653065448745768, 0.09592356830042728, 0.09496864660623226, 0.0942782100607106, 0.09368210000560638, 0.09311763585564937, 0.09232166671055428, 0.09185658958046994, 0.09126553074159521, 0.09058995001969185, 0.09011974439341972, 0.08943564258515835, 0.08904263777460189, 0.08875099426888405, 0.08809523775856545, 0.08752728400236749, 0.08722859086032878, 0.08667604767895759, 0.0863154540036587, 0.08592633922841955, 0.08535539782903295, 0.08498459063628887, 0.08466089394022809, 0.08420534213965243, 0.08417306895902817, 0.083689208598213, 0.08332114012793024, 0.08268848580724382, 0.08235573697280377, 0.08218161753834562, 0.0818743729924268, 0.08139820167041839, 0.08107969283740571, 0.08079892064028597, 0.0806995140230085, 0.08032638904579142, 0.07982575461426948, 0.07963743833626838, 0.07936194319119479, 0.07903185962362493, 0.07886886125073787, 0.07871884791220123, 0.07826763876971413, 0.0778927377207165, 0.077840720640218, 0.07755335632394603, 0.07729694265079626, 0.0769931822222598, 0.07674376103789249, 0.07652627226916399, 0.07632299815799962, 0.07598369536881751, 0.07583728036347856, 0.0756857368619518, 0.07544572736592368, 0.07509076704290953, 0.07510004563138206, 0.0745598102741419, 0.07450426056822564, 0.0742196432572413, 0.07403265403464754, 0.07377652500934423, 0.07354384882653013, 0.07339759083821419, 0.07317322258778075, 0.07308963157157315, 0.07274120891506368, 0.07262324436785693, 0.07240723414306945], "devlossi": [0.24274916066364807, 0.14633834395896306, 0.1261500245468183, 0.11984281885353001, 0.11578069864348932, 0.1127570749006488, 0.1100326149978421, 0.10788358612494035, 0.10590707815506241, 0.10418188978325237, 0.10252632403915579, 0.10102310607379134, 0.09959681636907837, 0.09823090413754637, 0.09697782790118997, 0.09581930122592232, 0.0946997343139215, 0.09366635199297559, 0.09264290739189494, 0.09170718795873901, 0.09078395502133803, 0.08982263505458832, 0.08891331065784801, 0.0880585905503143, 0.08724418214776299, 0.08641960912130096, 0.0856061340733008, 0.08483813601461324, 0.08416546000675722, 0.08339592983776872, 0.08272336457263339, 0.08208061856302348, 0.08159774914383888, 0.08090347390283238, 0.08035164631225845, 0.07982838594100693, 0.0793063420463692, 0.07878190448338335, 0.07831225137818944, 0.077895003286275, 0.07753073051571846, 0.07705152475021103, 0.07667501152239063, 0.07625043239783157, 0.07593268664045767, 0.07558249953118237, 0.07519127648662437, 0.07483460889621214, 0.0745377257804979, 0.07416279918768189, 0.07381081614981998, 0.0736186643215743, 0.07325536249713464, 0.07297607849944722, 0.07273664325475693, 0.07265513847497376, 0.07232159596275199, 0.07204313813285394, 0.0716977370056239, 0.07145626318048347, 0.07125071842562068, 0.0709778442978859, 0.07074301249601624, 0.07064267434179783, 0.07040204107761383, 0.07017859003760597, 0.0699728149920702, 0.06971015594899654, 0.06957269189032642, 0.06936262260106477, 0.06914596411992203, 0.06895878877152097, 0.06874075193296779, 0.06854074990207498, 0.06838425299660726, 0.06816629100252282, 0.06806140985678542, 0.0678260021589019, 0.06769649938426235, 0.067456088621508, 0.06732445599680598, 0.06722113727168604, 0.06703527864407409, 0.0668172976848754, 0.06670630892569368, 0.06662740050391718, 0.06644709814678539, 0.06631514751775698, 0.06615372967313636, 0.06596599028191784, 0.0658246229656718, 0.06564261340959505, 0.06556362607939677, 0.06538909843022173, 0.06526719897308132, 0.06516244245523756, 0.06499691273678433, 0.06491670808331533, 0.06477268107912758, 0.06461460651321844]}